层级,编号,指标,公式/定义,变量说明,测量方法,测试场景,判定/预期,Kata,Kbox,来源,备注,依赖,论文处置,支撑论点,文献支撑状态,文献详情,补搜说明,指标类型,服务结论,ECS适配,ECS测量方法,ECS数据来源,ECS夜跑窗口
L0 系统基线,L0-1,节点规格,硬件配置记录,CPU核/内存/存储,`lscpu`/`free -h`/`df -h`,环境预检（E1 前）,环境预检：记录两组 CPU 核数/内存/存储；两组必须一致，不一致则后续全部对比失效（控制项）,✅,✅,[1][2],,,背景（实验设置）,内部/基线,✅充足,[1]Cluster Computing 2022 — RunC/gVisor/Kat(Springer期刊(CCF-C)) | [2]用户《鲲鹏920对比测试落地指南》(G1)(内部文档),,控制型（实验前提）,实验前提（不服务结论）,可测,lscpu/free -h/df -h（宿主）+ adb 容器内 getprop/df,开跑前环境预检脚本,每夜首窗
L0 系统基线,L0-2,内核版本,宿主 vs 容器内内核对比,uname -r,宿主/容器内分别执行,环境预检（E1 前）,环境预检：记录宿主机内核并对比容器内内核；Kata 容器内为独立 guest 内核 ≠ 宿主，Kbox 容器内 = 共享宿主内核 —— 这是全文架构差异的事实基础（观测项）,✅,✅,[1][3],,,背景（实验设置）,内部/基线,✅充足,[1]Cluster Computing 2022 — RunC/gVisor/Kat(Springer期刊(CCF-C)) | [3]华为 Kbox 官方文档(白皮书+407页特性+验收测试)(hikunpeng.com),,观测型（事实/定性）,背景/讨论（不作主证据）,可测,宿主 uname -r vs adb shell uname -r / getprop ro.build.version.release,同上,每夜首窗
L0 系统基线,L0-3,镜像一致性,sha256(APK_A)==sha256(APK_B),APK哈希,`sha256sum mall.apk`,环境预检（E1 前）,环境预检：sha256 校验两组运行同一 APK；哈希不一致说明业务负载不同源，对比不公平（控制项）,✅,✅,[1],,,背景（实验设置）,内部/基线,✅充足,[1]Cluster Computing 2022 — RunC/gVisor/Kat(Springer期刊(CCF-C)),,控制型（实验前提）,实验前提（不服务结论）,可测,sha256sum 我们的构建产物（www 包/APK/容器镜像 digest）,构建脚本,变更后
L0 系统基线,L0-4,隔离资源池,两组资源物理分区,nodeSelector/独立池,K8s配置,环境预检（E1 前）,环境预检：确认两组资源池物理隔离；池间串扰会污染全部对比数据（控制项）,✅,✅,[2][19],,,背景（实验设置）,内部/基线,✅充足,[2]用户《鲲鹏920对比测试落地指南》(G1)(内部文档) | [19]Multitenant Containers as a Service(arXi(Sorbonne/NYU),补:Multitenant CaaS层次化配额公式,控制型（实验前提）,实验前提（不服务结论）,改口径,ECS 无 K8s：记录 cgroup/容器资源限制（--cpus/--memory）+ 实例数,docker inspect,每夜首窗
L1 隔离性,L1-1,资源干扰率,(P_single − P_concurrent)/P_single×100%,P_single=单实例性能(基线)；P_concurrent=N实例并发时性能,并发10→50→100→200梯度；每梯度3次取均值；容器内/proc核实,并发梯度 + 干扰注入（E2）,攻击/干扰场景：干扰率越高 = 邻居实例被拖累越重（隔离性越差）；预期 Kata <5%、Kbox >20%（G1 预设，待实测）,✅,✅,[1][4][22],,,主结果（正文图表）,论点1 资源隔离,✅充足,[1]Cluster Computing 2022 — RunC/gVisor/Kat(Springer期刊(CCF-C)) | [4]IEEE 2025 — RunC/gVisor/Kata 抗 DoS 分析(IEEE会议) | [22]A Holistic Evaluation of Docker Containe(Newcastle/Melbourne(Buyya)),补:SCC2019容器干扰评估(IEEE),对标结论型（Kata vs Kbox）,A 隔离性,改口径,单实例 vs 双实例同时跑游戏任务的产出率对比，梯度 1→2→4,夜跑双实例窗口,专项窗
L1 隔离性,L1-2,不可归因负载,CPU_malicious(pidstat) − CPU_idle(dstat),CPU_malicious=恶意实例自身CPU；CPU_idle=系统空闲,pidstat+dstat同时采样；先基线后攻击重测,并发梯度 + 干扰注入（E2）,攻击/干扰场景：恶意实例实际消耗 > 自身可见占用，差额即「不可归因」的隐藏开销（共享内核的账外损耗）；预期 Kata 差额≈0、Kbox 差额>0,✅,✅,[5][22],,,附录（完整数据表）,论点1 支撑,✅充足,[5]Wasm 容器资源隔离攻击面(arXiv:2509.11242)(哈工大) | [22]A Holistic Evaluation of Docker Containe(Newcastle/Melbourne(Buyya)),补:SCC2019干扰方法论,对标结论型（Kata vs Kbox）,A 隔离性,可测,sysstat(pidstat/dstat) 宿主采样，容器内 /proc/stat 核实,专项窗口脚本,专项窗
L1 隔离性,L1-3,受害者吞吐降幅,(T_baseline − T_attacked)/T_baseline×100%,T_baseline=无干扰吞吐；T_attacked=攻击时吞吐,fio(I/O)/iperf3(网络)；同组重测,并发梯度 + 干扰注入（E2）,攻击/干扰场景：受害实例吞吐降幅越大 = 被邻居攻击拖垮越明显；预期 Kata 降幅 < Kbox,✅,✅,[5][22],,,附录（完整数据表）,论点1 支撑,✅充足,[5]Wasm 容器资源隔离攻击面(arXiv:2509.11242)(哈工大) | [22]A Holistic Evaluation of Docker Containe(Newcastle/Melbourne(Buyya)),补:SCC2019,对标结论型（Kata vs Kbox）,A 隔离性,可测,容器内 fio(I/O)/iperf3(网络) 基线 vs 干扰,专项窗口脚本,专项窗
L1 隔离性,L1-5,CPU时间片抖动,抖动 = p99/p50,p50/p99=CPU时间百分位,cgroup cpu.stat采样；报p50/p95/p99,并发梯度 + 干扰注入（E2）,攻击场景：抖动越大 = 隔离性越差（恶意负载的调度噪声穿透隔离边界，泄露到宿主/邻居业务）；预期 Kata < Kbox,✅,✅,[7][8],,,附录（完整数据表）,论点1 支撑,✅充足,[7]Hyperflux 微秒级跨VM弹性(arXiv:2608.12633)(USC) | [8]dstack-capsule Pod远程证明(arXiv:2606.03323)(OPPO+Phala),,对标结论型（Kata vs Kbox）,A 隔离性,可测,容器 cgroup cpu.stat 采样，报 p50/p95/p99,夜跑打点,每窗
L1 隔离性,L1-6,每实例内存,(Mem_N − Mem_baseline)/N,Mem_N=N实例总内存；Mem_baseline=空载基线；N=实例数,增量部署空闲Pod,空载（无攻击，增量部署空闲实例）（E2 配套）,空载态：测安全容器本身的基础资源成本（无攻击）；预期 Kata > Kbox（多出独立内核 + QEMU/CH 开销），但安卓系统本体占用占主导，差值量级待实测,✅,✅,[8][19],,,主结果（正文图表）,论点1 资源隔离,✅充足,[8]dstack-capsule Pod远程证明(arXiv:2606.03323)(OPPO+Phala) | [19]Multitenant Containers as a Service(arXi(Sorbonne/NYU),补:CaaS每租户开销量化,对标结论型（Kata vs Kbox）,A 隔离性,可测,docker stats / cgroup memory.current 增量 ÷ 实例数,专项窗口脚本,专项窗
L1 隔离性,L1-7,实例密度,节点最大可承载实例数,资源耗尽前上限,逐步加压扫描,空载密度扫描（无攻击，加压至资源耗尽）（E2 配套）,空载态：密度 = 单节点可承载最大实例数，由每实例开销决定；预期 Kata < Kbox（Kata 每实例开销更高）,✅,✅,[8][3],,,主结果（正文图表）,论点1 资源隔离,✅充足,[8]dstack-capsule Pod远程证明(arXiv:2606.03323)(OPPO+Phala) | [3]华为 Kbox 官方文档(白皮书+407页特性+验收测试)(hikunpeng.com),,对标结论型（Kata vs Kbox）,A 隔离性,改口径,本机（4C8G）逐步拉起 1→N 实例至资源耗尽，报最大 N（非集群口径）,专项窗口脚本,专项窗
L1 隔离性,L1-8,暴露面计分,暴露面计分 = 命中「暴露」项数 / 核查总项数 × 100%,核查 8 项: 内核版本一致性、cpuinfo/meminfo 宿主可见性、/dev 节点数、/proc/sys 条目数、CapEff 超最小集、Seccomp 状态、宿主进程可见数,容器内执行固定命令集逐项判定（清单见《威胁模型_逃逸面与隔离边界.md》）；每项记 暴露/未暴露,空载多实例，容器内核查（E7 同批）,分数越低 = 隔离边界越完整；预期 Kata 显著低于 Kbox（Kata 多一道 VM 边界）,✅,✅,[9][3],,,讨论（讨论/威胁模型章节）,论点1 支撑,🟡部分,[3]华为Kbox官方文档(未启用userns/建议apparmor) | [9]AI Code Sandboxes 攻击面分类,改造为清单式半定量；机理分析移入威胁模型章节,对标结论型（Kata vs Kbox）,A 隔离性（安全边界）,可测,容器内固定命令集逐项判定（暴露/未暴露）,离线清单脚本,按需
L1 隔离性,L1-9,跨实例页缓存可观测性,可观测率 R_obs = 探测到「驻留」的页数 / 探测总页数 × 100%,探测页数 = 共享文件 F 的总页数；驻留状态由 mincore() 系统调用返回（0/1）,"实例 A 读共享文件 F → 实例 B 调 mincore(F) 探测各页是否驻留（Page Cache Attacks, CCS 2019 原法）；重复 N 次取均值",双实例 + 共享文件 F（E9，新增）,R_obs 越高 = 跨实例页缓存可见性越强（隔离越弱）；预期 Kbox 高（共享宿主页缓存）、Kata 低；Kata 若用 cached I/O 可能仍有部分可见（对应论文 [10] R=1.7-2.8）,✅,✅,[10],,,讨论（讨论/威胁模型章节）,论点1 支撑(讨论),🟢充足,"[26]Page Cache Attacks(ACM CCS 2019, mincore原法) | [10]页缓存SCA跨容器/VM(arXiv:2607.17518)",由「定性引用」升级为可测指标（mincore 确定性信号，非计时）；定位讨论章节,对标结论型（Kata vs Kbox）,A 隔离性（安全边界）,可测,双实例 + 共享文件 F：B 实例 mincore(F) 探测驻留页比例,专项窗口脚本,专项窗
L2 业务任务,L2-1,任务成功率SR,N_success/N_total×100%,成功订单/总任务,后端订单记录+截图OCR双确认,业务运行 — 商城 T1-T3（E3）,业务场景（商城 T1-T3）：SR 越低 = 该运行时上安卓业务越不可用；预期 Kata ≥ Kbox（记录差值与置信区间）,✅,✅,[11][2],,,主结果（正文图表）,论点2 业务,✅充足,[11]MobileWorldSafety GUI Agent安全基准(arXiv:26(学术界) | [2]用户《鲲鹏920对比测试落地指南》(G1)(内部文档),,对标结论型（Kata vs Kbox）,B 业务可用,可测(已有),夜跑局成功率 / 出牌动作成功率（N_success/N_total）,夜跑 CSV（现成）,每窗
L2 业务任务,L2-2,端到端耗时,T_order_confirmed − T_task_started,完成时刻−开始时刻,应用日志时间戳,业务运行 — 商城 T1-T3（E3）,业务场景：从任务开始到订单确认的总耗时，反映真实业务体验；预期 Kata 不显著劣于 Kbox,✅,✅,[12][2],,,附录（完整数据表）,论点2 支撑,✅充足,[12]Android Coach 在线Agent训练(arXiv:2604.07277(学术界) | [2]用户《鲲鹏920对比测试落地指南》(G1)(内部文档),,对标结论型（Kata vs Kbox）,B 业务可用,可测(需打点),每局时长 = 结算时间戳 − 进桌时间戳,夜跑 metrics.jsonl,每窗
L2 业务任务,L2-3,GUI每步延迟,T_response − T_action,响应时刻−点击时刻,adb时间戳逐步采集,业务运行 — 商城 GUI 链路（E3）,业务场景（GUI 链路）：单步「截图→响应」延迟，反映自动化操作流畅度；对比两组中位数 + p95,✅,✅,[13],,,附录（完整数据表）,论点2 支撑,✅充足,[13]SAIL 云游戏感知质量码率控制(arXiv:2607.11231)(清华),,对标结论型（Kata vs Kbox）,B 业务可用,可测(需打点),每步 T_response − T_action（截屏/决策/执行 分段）,夜跑 metrics.jsonl,每窗
L2 业务任务,L2-4,交互延迟预算,操作→反馈应<20ms,体验阈值(SAIL标定),主观MOS+客观L2-3,业务运行 — 商城 GUI 链路（E3）,业务场景（GUI 链路）：延迟 <20ms 记为达标（云交互体验阈值，源自 SAIL）；统计达标率,✅,✅,[13],,,附录（完整数据表）,论点2 支撑,⚠️单篇,[13]SAIL 云游戏感知质量码率控制(arXiv:2607.11231)(清华),20ms阈值来源单篇,对标结论型（Kata vs Kbox）,B 业务可用,可测(需打点),点击→画面变化 时长分布（p50/p95），对齐 20ms 预算口径,夜跑 metrics.jsonl,每窗
L2 业务任务,L2-5,API vs GUI链路差,Ratio = T_api/T_gui,API耗时/GUI耗时,双链路分别测,业务运行 — API 与 GUI 双链路（E3）,业务场景（双链路）：比值 T_api/T_gui <1（API 更快）；比值大小 = GUI 自动化相对 API 的额外开销,✅,✅,[2][23],,,附录（完整数据表）,论点2 支撑,⚠️部分,[2]用户《鲲鹏920对比测试落地指南》(G1)(内部文档) | [23]AppSim-Bench: Bridging Real-world Apps a(华中师大+Acrab),补:AppSim-Bench方法学；商城独有维度,对标结论型（Kata vs Kbox）,B 业务可用,可测(需打点),商城 API 链路 vs GUI 链路 端到端耗时比 T_api/T_gui,商城双链路脚本,专项窗
L2 业务任务,L2-6,长程完成率,N_completed/N_started×100%,完整流程/启动数,浏览→加购→结算→下单全流程,业务运行 — 商城长程任务（E3）,业务场景：多步复合任务（浏览→加购→结算→下单）完整走通率；预期 Kata ≥ Kbox,✅,✅,[12],,,附录（完整数据表）,论点2 支撑,✅充足,[12]Android Coach 在线Agent训练(arXiv:2604.07277(学术界),,对标结论型（Kata vs Kbox）,B 业务可用,可测(已有),连续多局/长程任务完成率（N_completed/N_started）,夜跑 CSV,每窗
L2 业务任务,L2-7,子目标通过率SGA,SGA = Σ(已完成子目标数 / 任务子目标总数) / 任务数 × 100%,子目标=任务分解步骤（如 开App→搜索→加购→结算→下单 共5步）；先算每任务完成比例，再对任务取平均,预先定义各任务子目标；逐步骤判定（后端订单/截图），与 SR 同批采集,业务运行（E3）,业务场景：SGA 越高 = 任务推进越深入（即使最终未成功）；用于定位「卡在第几步」；预期 Kata ≥ Kbox,✅,✅,[28],SR 的细粒度补充，定位失败环节,子目标定义表,附录（完整数据表）,论点2 业务可用,🟢充足,[28]AndroidLab 基准（SR/SGA/UI识别准确率/单任务时间 四项标准指标）,依据 AgentOS 方案指定的 AndroidLab 基准补入,对标结论型（Kata vs Kbox）,B 业务可用,可测(需打点),子目标：进桌/读牌正确/决策成功/出牌合法/结算识别 逐项记,夜跑 metrics.jsonl,每窗
L2 业务任务,L2-8,UI识别准确率,UI_acc = 正确识别控件数 / 标注控件总数 × 100%,标注控件 = 人工标注的界面元素（按钮/输入框）及类型；正确 = 类型与位置均匹配,固定界面截图集（N 张）→ GUI Agent 解析 → 与人工标注比对,GUI 链路（E3 配套）,准确率越低 = 界面解析质量越差；两组用同一 Agent 框架，差异应来自截图/渲染质量（Kata 软件渲染可能影响清晰度）→ 预期接近，差异需归因,✅,✅,[28][29],同 Agent 框架下，差异反映渲染/截图质量,标注截图集,附录（完整数据表）,论点2 业务可用,🟢充足,[28]AndroidLab | [29]SPA-Bench（UI识别准确率/设备适配率）,依据 AgentOS 方案指定的 AndroidLab / SPA-Bench 基准补入,对标结论型（Kata vs Kbox）,B 业务可用,可测(已有真值),读牌抽验：VLM 读数 vs 真值基准（掼蛋 27 张基准）准确率,抽验脚本+夜跑日志,每窗抽验
L3 性能,L3-1,实例启动耗时,T_start = T_ready − T_submit,T_submit=下发指令；T_ready=安卓可执行任务,Edera同口径:完整启动；每次新建；5次均值±SE,空载冷启动（E4）,空载冷启动：从下发创建到安卓可接受任务的完整时长（Edera 同口径，每次新建）；预期 Kata > Kbox（独立内核需引导 guest）；参照已发表基线 Docker 381 / Kata 1913 / FC 2421 ms,✅,✅,[14][15],,,主结果（正文图表）,论点3 性能代价,✅充足,[14]Edera Goldilocks 高性能VM(arXiv:2501.04580)(Edera公司) | [15]Firecracker 轻量虚拟化(NSDI 2020)(AWS/CCF-A顶会),,对标结论型（Kata vs Kbox）,C 性能代价,可测,docker start → adb ready 计时，5 次均值±SE,启动计时脚本,专项窗
L3 性能,L3-2,冷启动三阶段,T_cold = T_create+T_start+T_bringup,create=容器创建；start=进程启动；bringup=安卓就绪,分阶段打点(EBCC法),空载冷启动（E4）,空载冷启动：分解 create/start/bringup 三段耗时，用于定位 L3-1 的差异来自哪一段（Kbox 共享内核可省去 guest 引导）,✅,✅,[16],,,附录（完整数据表）,论点3 支撑,✅充足,[16]EBCC Enclave机密容器(arXiv:2605.13676)(西安电子科大),,对标结论型（Kata vs Kbox）,C 性能代价,可测,三阶段打点：容器 create / 系统 boot(adb 可用) / App 可交互(截图判定),启动计时脚本,专项窗
L3 性能,L3-3,冷vs热复用,加速比 = T_cold/T_warm,全新实例/快照恢复,两模式分别测,冷启动 vs 快照恢复（E4）,冷启动 vs 快照恢复：加速比 = T_cold/T_warm；预期两组热复用均显著快于冷启动，并对比二者加速比差异,✅,✅,[14][8],,,附录（完整数据表）,论点3 支撑,✅充足,[14]Edera Goldilocks 高性能VM(arXiv:2501.04580)(Edera公司) | [8]dstack-capsule Pod远程证明(arXiv:2606.03323)(OPPO+Phala),,对标结论型（Kata vs Kbox）,C 性能代价,可测,冷启动 vs 热恢复（已有实例重开页面）加速比,启动计时脚本,专项窗
L3 性能,L3-4,CPU性能,sysbench events/s,统一vCPU数,Edera同款基准,空载单实例（E1）,空载单实例：统一 vCPU 下 sysbench events/s，反映纯算力；预期 Kata 略低（VM 开销），差异 <5% 记为无实质差异,✅,✅,[14][1],,,附录（完整数据表）,论点3 支撑,✅充足,[14]Edera Goldilocks 高性能VM(arXiv:2501.04580)(Edera公司) | [1]Cluster Computing 2022 — RunC/gVisor/Kat(Springer期刊(CCF-C)),,对标结论型（Kata vs Kbox）,C 性能代价,可测,sysbench cpu（容器内）events/s,基准脚本,专项窗
L3 性能,L3-5,syscall开销,perf bench ops/s与延迟,fork/execve/getpgid,perf-bench,空载单实例（E1）,空载单实例：perf bench fork/execve 延迟；Kbox 内核直通路径短，Kata 每次需 VM exit → 预期 Kbox < Kata,✅,✅,[14],,,附录（完整数据表）,论点3 支撑,✅充足,[14]Edera Goldilocks 高性能VM(arXiv:2501.04580)(Edera公司),,对标结论型（Kata vs Kbox）,C 性能代价,可测,perf bench syscall ops/s 与延迟,基准脚本,专项窗
L3 性能,L3-6,真实负载,kcbench/nginx耗时,内核编译/HTTP,统一配置,空载单实例（E1）,空载单实例：kcbench/nginx 等真实负载耗时；预期 Kata 略高于 Kbox（隔离层开销）,✅,✅,[14],,,附录（完整数据表）,论点3 支撑,✅充足,[14]Edera Goldilocks 高性能VM(arXiv:2501.04580)(Edera公司),,对标结论型（Kata vs Kbox）,C 性能代价,可测,kcbench / nginx 编译基准（统一配置）,基准脚本,专项窗
L3 性能,L3-7,资源利用率,CPU_instance/CPU_node×100%,实例/节点,kubectl top,并发运行（E2）,并发运行：实例实际占用 / 节点容量的比例；Kata 因隔离层开销预期略高（隔离的代价）,✅,✅,[2][8],,,附录（完整数据表）,论点3 支撑,✅充足,[2]用户《鲲鹏920对比测试落地指南》(G1)(内部文档) | [8]dstack-capsule Pod远程证明(arXiv:2606.03323)(OPPO+Phala),,对标结论型（Kata vs Kbox）,C 性能代价,可测,docker stats / cgroup CPU 使用 ÷ 节点配额,夜跑采集,每窗
L3 性能,L3-8,并发成功率,N_success/N_total×100%,100/200并发,压测商城T3,并发 100/200（E2）,并发 100/200：大批量任务下发下的完成率；预期 Kata >99%、Kbox <90%（G1 预设，待实测）,✅,✅,[2][1][4],,,主结果（正文图表）,论点3 性能代价,✅充足,[2]用户《鲲鹏920对比测试落地指南》(G1)(内部文档) | [1]Cluster Computing 2022 — RunC/gVisor/Kat(Springer期刊(CCF-C)) | [4]IEEE 2025 — RunC/gVisor/Kata 抗 DoS 分析(IEEE会议),,对标结论型（Kata vs Kbox）,C 性能代价,改口径,并发 1→2（→4）实例同时跑游戏任务的成功率（非 100/200）,双实例窗口,专项窗
L3 性能,L3-9,网络资源利用率,吞吐/带宽占用,iperf3,网络基准,并发运行（E2）,并发运行：iperf3 吞吐 / 带宽占用；对比两组网络栈效率（Kata 经虚拟网卡、Kbox 共享宿主栈）,✅,✅,[20],,,附录（完整数据表）,论点3 支撑,✅充足,[20]Joyride: Rethinking Linux's network stac(Penn State),补:Joyride每核吞吐/饱和核数基线,对标结论型（Kata vs Kbox）,C 性能代价,可测,iperf3 / 容器网络吞吐 ÷ 带宽,基准脚本,专项窗
L3 性能,L3-10,故障恢复,T_recovery = T_ready_after − T_kill,恢复时刻−故障时刻,杀进程计时,故障注入（杀进程后恢复）（E4 后）,故障注入（杀进程后恢复）：到恢复可服务的时长；预期 Kata 慢（需重启/重建 VM）、Kbox 快（重启容器即可）,✅,✅,[25][16],,,讨论（讨论/威胁模型章节）,论点3 支撑,🔴仍缺,[25]Femto-Containers: Lightweight Virtualiza(Inria+柏林自由大) | [16]EBCC Enclave机密容器(arXiv:2605.13676)(西安电子科大),无对口文献；建议复用冷启动[16]或降级,对标结论型（Kata vs Kbox）,C 性能代价,可测(已有),故障恢复：杀进程/断 adb → 恢复可用耗时（= 看门狗恢复耗时）,夜跑日志（现成）,每窗
L4 稳定性,L4-1,72h异常率,N_abnormal/N_total×100%,72h异常重启数/总数,K8s事件日志；100实例72h,长期压测 72h（E5）,长期压测 72h：异常重启/崩溃实例占比；预期 Kata <1%、Kbox >10%（G1 预设，待实测）,✅,✅,[2][17],,,附录（完整数据表）,稳定性,✅充足,[2]用户《鲲鹏920对比测试落地指南》(G1)(内部文档) | [17]MDPI 2023 安全容器文件I/O(Applied Sciences)(韩国庆北国立),,对标结论型（Kata vs Kbox）,D 长期稳定,改口径,夜跑异常率：重开/看门狗触发 占比（按窗或按局），多夜累计替代 100 实例×72h,夜跑日志（现成）,每窗
L4 稳定性,L4-2,任务中断率,N_interrupted/N_total×100%,中断任务/总任务,应用日志,长期压测 72h（E5）,长期压测 72h：任务无故中断比例；预期 Kata < Kbox（共享内核的故障会跨实例传播）,✅,✅,[2][17],,,附录（完整数据表）,稳定性,✅充足,[2]用户《鲲鹏920对比测试落地指南》(G1)(内部文档) | [17]MDPI 2023 安全容器文件I/O(Applied Sciences)(韩国庆北国立),,对标结论型（Kata vs Kbox）,D 长期稳定,可测(已有),任务中断率：局中断数/总局数（连续无故障时长）,夜跑 CSV,每窗
M1 镜像兼容率,M1-1,兼容覆盖率C_r,C_r = N_supported/N_total,成功运行数/测试总数,镜像集逐个装:通用AOSP/商城APK/第三方APK/多版本,换镜像集逐个试（E6）,换镜像集逐个试：成功运行数 / 测试总数；预期 Kata ≈1.0（标准 OCI 镜像通用）、Kbox <1（需华为定制镜像，第三方镜像难接入）,✅,✅,[18],,,主结果（正文图表）,论点4 通用性,✅充足,[18]CIR: Lightweight Container Image for Cro(中科院计算所),⭐补:CIR单镜像跨4平台(-95%体积),对标结论型（Kata vs Kbox）,E 生态通用,可测,镜像逐个装：our-redroid / 通用 AOSP / 带 APK 镜像 → 可用数/总数,镜像批量脚本,专项窗
M1 镜像兼容率,M1-2,平均适配耗时T_s,T_s = Σ(T_i)/N,各镜像适配耗时均值,下发→安卓就绪计时,换镜像集逐个试（E6）,换镜像集逐个试：从下发到安卓就绪的平均适配耗时；预期 Kata 短（通用镜像直接用）、Kbox 长（需定制/转换）,✅,✅,[18],,,主结果（正文图表）,论点4 通用性,✅充足,[18]CIR: Lightweight Container Image for Cro(中科院计算所),⭐补:CIR构建-76~86%,对标结论型（Kata vs Kbox）,E 生态通用,可测,下发 → 安卓就绪（adb ready）平均耗时,镜像批量脚本,专项窗
M1 镜像兼容率,M1-3,镜像兼容率(合成),C_r × (1/T_s),综合,计算,换镜像集逐个试（E6）,不建议合成：C_r 与 T_s 量纲不同、合成公式无文献出处；分列报告两项，避免审稿人质疑定义来源,✅,✅,[18]自研,,,附录（完整数据表）,论点4 支撑,⚠️自研,[18]CIR: Lightweight Container Image for Cro(中科院计算所),建议分列报告C_r/T_s，不合成,对标结论型（Kata vs Kbox）,E 生态通用,改口径,按原文档「不合成」：分列报告 C_r 与 T_s，不做 C_r×(1/T_s),同 M1-1/2,专项窗
E7 设备身份隔离,E7-1a,默认态指纹差异,起N实例【不配置】直接采集,Android ID/MAC/Build/序列号/proc,采集对比,空载多实例采集，不配置（E7）,空载多实例、不做任何配置：采集各实例 Android ID/MAC/Build 等指纹；Kata 各实例天然不同（独立虚拟硬件）；Kbox 趋同 = 共享内核默认泄漏（发现点）、不趋同 = 已默认隔离,✅,✅,[3][21][19],,,主结果（正文图表）,论点2 身份隔离,🟡部分,[3]华为 Kbox 官方文档(白皮书+407页特性+验收测试)(hikunpeng.com) | [21]Condroid: Container-Based Virtualization(浙江大学) | [19]Multitenant Containers as a Service(arXi(Sorbonne/NYU),补:Condroid虚拟设备+CaaS租户身份；缺指纹级专文,对标结论型（Kata vs Kbox）,F 身份隔离,可测,起 2 实例不配置，采集指纹项逐一对比,指纹采集脚本,专项窗
E7 设备身份隔离,E7-1b,配置态可配置率,可配置指纹项/总项,setprop生效验证,官方Mock命令配置,配置测试（官方 setprop）（E7）,配置测试：用官方 setprop/Mock 给实例配置不同指纹，验证是否 per-instance 生效；生效记 1，验证 Mock 粒度,✅,✅,[3][21],,,附录（完整数据表）,内部/基线,🟡部分,[3]华为 Kbox 官方文档(白皮书+407页特性+验收测试)(hikunpeng.com) | [21]Condroid: Container-Based Virtualization(浙江大学),补:Condroid虚拟设备(namespace-aware),对标结论型（Kata vs Kbox）,F 身份隔离,可测,逐项 setprop 配置成功数 / 总项数,指纹采集脚本,专项窗
E7 设备身份隔离,E7-2,指纹差异度,D = N_diff/N_total_items,不同项/总项,默认态+配置态分别算,默认态 + 配置态分别采集（E7）,默认态与配置态分别计算 D = 不同指纹项数 / 总项数，并比较两态差异（配置能否有效拉开指纹）,✅,✅,[3][21],,,附录（完整数据表）,内部/基线,🟡部分,[3]华为 Kbox 官方文档(白皮书+407页特性+验收测试)(hikunpeng.com) | [21]Condroid: Container-Based Virtualization(浙江大学),补:Condroid,对标结论型（Kata vs Kbox）,F 身份隔离,可测,D = 默认态+配置态 差异项 / 总项,指纹采集脚本,专项窗
E7 设备身份隔离,E7-3,配置隔离性,实例A改指纹→查实例B,影响传播,A配置后查B,A 改指纹后查 B（E7）,实例 A 修改自身指纹后，检查实例 B 是否受影响；预期 Kata 不影响（VM 级隔离）、Kbox 理论可影响（共享内核）,✅,✅,[3][19],,,附录（完整数据表）,内部/基线,🟡部分,[3]华为 Kbox 官方文档(白皮书+407页特性+验收测试)(hikunpeng.com) | [19]Multitenant Containers as a Service(arXi(Sorbonne/NYU),补:CaaS RBAC作用域隔离,对标结论型（Kata vs Kbox）,F 身份隔离,可测,A 改指纹后查 B 是否跟随（应为否）,指纹采集脚本,专项窗
E7 设备身份隔离,E7-4,泄漏通道,Mock覆盖不到通道探测,/proc/cpuinfo/cmdline/共享设备节点,底层通道探测,底层通道探测（/proc 等）（E7）,底层通道探测（/proc/cpuinfo、内核版本、共享设备节点）：这些是 Mock 抹不掉的通道；预期 Kata 探测不到、Kbox 可探测到（架构必然）,✅,✅,[3][21],,,主结果（正文图表）,论点2 身份隔离,🟡部分,[3]华为 Kbox 官方文档(白皮书+407页特性+验收测试)(hikunpeng.com) | [21]Condroid: Container-Based Virtualization(浙江大学),补:Condroid虚拟设备泄漏面,对标结论型（Kata vs Kbox）,F 身份隔离,可测,/proc 等底层通道探测（Mock 覆盖不到的）,指纹采集脚本,专项窗
真实 App 补充指标,R3,真实业务成功率 SR,N_biz_ok/N_attempt×100%,完成业务/总尝试,登录后跑业务，状态校验,真实 App 业务运行（E8）,真实 App 场景：任务完成率，按「结果验证」（非轨迹验证）判定，与 AndroidWorld/AppSim-Bench 方法学对齐,✅,✅,[23][11],🟡中,账号,主结果（正文图表）,真实App验证,⚠️部分,[23]AppSim-Bench: Bridging Real-world Apps a(华中师大+Acrab) | [11]MobileWorldSafety GUI Agent安全基准(arXiv:26(学术界),补:AppSim-Bench结果验证方法学,对标结论型（Kata vs Kbox）,G 真实App,可测,真实业务成功率：登录后跑业务并校验状态（现阶段开源App）,夜跑 CSV,每窗
真实 App 补充指标,R2,真实App启动率,N_launch_ok/N_attempt×100%,进主界面/总尝试,am start+截图确认,真实 App 启动（E8）,真实 App 场景：能进主界面记成功；装不上/崩溃需记录原因（Kbox 若装不上，本身即为生态封闭性证据）,✅,✅,[23],🟢易,无登录墙App,附录（完整数据表）,内部/基线,⚠️部分,[23]AppSim-Bench: Bridging Real-world Apps a(华中师大+Acrab),AppSim-Bench真实App复刻方法,对标结论型（Kata vs Kbox）,G 真实App,可测,am start + 截图确认，启动成功数/尝试数（现阶段开源App）,夜跑 prep 日志,每窗
真实 App 补充指标,R7,真实App操作延迟,点击→响应时间,adb打点,延迟测量,真实 App 交互（E8）,真实 App 场景：点击→响应延迟（中位数 + p95），对比两组在真实应用上的交互体验,✅,✅,[13],🟡中,网络,附录（完整数据表）,内部/基线,✅充足,[13]SAIL 云游戏感知质量码率控制(arXiv:2607.11231)(清华),SAIL交互延迟测量,对标结论型（Kata vs Kbox）,G 真实App,可测(需打点),点击→响应 延迟（同 L2-3 打点，App 维度）,夜跑 metrics.jsonl,每窗
